<?xml version="1.0" encoding="UTF-8"?>
<jcr:root xmlns:sling="http://sling.apache.org/jcr/sling/1.0" xmlns:cq="http://www.day.com/jcr/cq/1.0" xmlns:jcr="http://www.jcp.org/jcr/1.0" xmlns:nt="http://www.jcp.org/jcr/nt/1.0"
    jcr:primaryType="cq:Page">
    <jcr:content
        cq:lastModified="{Date}2018-04-02T01:31:00.609+05:30"
        cq:lastModifiedBy="admin"
        cq:template="/conf/asset-share-commons/settings/wcm/templates/details-template-dark"
        jcr:primaryType="cq:PageContent"
        jcr:title="Video"
        sling:resourceType="asset-share-commons/components/structure/details-page">
        <root
            jcr:primaryType="nt:unstructured"
            sling:resourceType="asset-share-commons/components/structure/root">
            <rail
                jcr:primaryType="nt:unstructured"
                sling:resourceType="wcm/foundation/components/responsivegrid">
                <cq:responsive jcr:primaryType="nt:unstructured"/>
                <responsivegrid
                    jcr:created="{Date}2017-09-18T15:16:07.685-04:00"
                    jcr:createdBy="admin"
                    jcr:lastModified="{Date}2017-09-18T15:16:10.329-04:00"
                    jcr:lastModifiedBy="admin"
                    jcr:primaryType="nt:unstructured"
                    sling:resourceType="wcm/foundation/components/responsivegrid">
                    <tags
                        jcr:created="{Date}2017-09-27T11:57:35.333-04:00"
                        jcr:createdBy="admin"
                        jcr:lastModified="{Date}2017-09-27T14:16:55.187-04:00"
                        jcr:lastModifiedBy="admin"
                        jcr:primaryType="nt:unstructured"
                        sling:resourceType="asset-share-commons/components/details/tags"
                        label="TAGS"/>
                    <metadata_1986108074
                        jcr:created="{Date}2017-09-27T10:41:40.652-04:00"
                        jcr:createdBy="admin"
                        jcr:lastModified="{Date}2017-09-27T10:44:43.647-04:00"
                        jcr:lastModifiedBy="admin"
                        jcr:primaryType="nt:unstructured"
                        sling:resourceType="asset-share-commons/components/details/metadata"
                        label="DESCRIPTION"
                        propertyName="./jcr:content/metadata/dc:description"
                        type="text"/>
                    <metadata
                        jcr:created="{Date}2017-09-17T17:37:53.194-04:00"
                        jcr:createdBy="admin"
                        jcr:lastModified="{Date}2017-09-26T22:01:27.524-04:00"
                        jcr:lastModifiedBy="admin"
                        jcr:primaryType="nt:unstructured"
                        sling:resourceType="asset-share-commons/components/details/metadata"
                        computedProperty="height"
                        formatDate="dd MMM. y"
                        label="CREATED"
                        propertyName="./jcr:created"
                        type="date">
                        <cq:responsive jcr:primaryType="nt:unstructured">
                            <default
                                jcr:primaryType="nt:unstructured"
                                width="6"/>
                            <tablet
                                jcr:primaryType="nt:unstructured"
                                width="12"/>
                        </cq:responsive>
                    </metadata>
                    <metadata_694450310
                        jcr:created="{Date}2017-09-17T17:38:36.097-04:00"
                        jcr:createdBy="admin"
                        jcr:lastModified="{Date}2017-09-26T18:27:34.457-04:00"
                        jcr:lastModifiedBy="admin"
                        jcr:primaryType="nt:unstructured"
                        sling:resourceType="asset-share-commons/components/details/metadata"
                        computedProperty="type"
                        label="TYPE"
                        type="computed">
                        <cq:responsive jcr:primaryType="nt:unstructured">
                            <default
                                jcr:primaryType="nt:unstructured"
                                width="6"/>
                            <tablet
                                jcr:primaryType="nt:unstructured"
                                width="12"/>
                        </cq:responsive>
                    </metadata_694450310>
                    <metadata_982072597
                        jcr:created="{Date}2017-09-21T11:42:36.928-04:00"
                        jcr:createdBy="admin"
                        jcr:lastModified="{Date}2017-09-26T18:27:57.656-04:00"
                        jcr:lastModifiedBy="admin"
                        jcr:primaryType="nt:unstructured"
                        sling:resourceType="asset-share-commons/components/details/metadata"
                        computedProperty="fileSize"
                        label="SIZE"
                        type="computed">
                        <cq:responsive jcr:primaryType="nt:unstructured">
                            <default
                                jcr:primaryType="nt:unstructured"
                                offset="0"
                                width="6"/>
                            <tablet
                                jcr:primaryType="nt:unstructured"
                                behavior="newline"
                                offset="0"
                                width="12"/>
                        </cq:responsive>
                    </metadata_982072597>
                    <metadata_400227960
                        jcr:created="{Date}2017-09-27T10:36:29.190-04:00"
                        jcr:createdBy="admin"
                        jcr:lastModified="{Date}2017-09-27T10:52:18.372-04:00"
                        jcr:lastModifiedBy="admin"
                        jcr:primaryType="nt:unstructured"
                        sling:resourceType="asset-share-commons/components/details/metadata"
                        computedProperty="height"
                        formatDate="relativetime"
                        label="LAST MODIFIED"
                        propertyName="./jcr:content/jcr:lastModified"
                        type="date">
                        <cq:responsive jcr:primaryType="nt:unstructured">
                            <default
                                jcr:primaryType="nt:unstructured"
                                width="6"/>
                            <tablet
                                jcr:primaryType="nt:unstructured"
                                width="12"/>
                        </cq:responsive>
                    </metadata_400227960>
                    <metadata_1595456315
                        jcr:created="{Date}2017-09-27T10:39:48.515-04:00"
                        jcr:createdBy="admin"
                        jcr:lastModified="{Date}2017-09-27T13:06:04.592-04:00"
                        jcr:lastModifiedBy="admin"
                        jcr:primaryType="nt:unstructured"
                        sling:resourceType="asset-share-commons/components/details/metadata"
                        computedProperty="resolution"
                        label="RES."
                        type="computed">
                        <cq:responsive jcr:primaryType="nt:unstructured">
                            <default
                                jcr:primaryType="nt:unstructured"
                                width="6"/>
                            <tablet
                                jcr:primaryType="nt:unstructured"
                                width="12"/>
                        </cq:responsive>
                    </metadata_1595456315>
                    <metadata_101020596
                        jcr:created="{Date}2017-09-27T10:40:22.879-04:00"
                        jcr:createdBy="admin"
                        jcr:lastModified="{Date}2017-10-17T10:49:14.530-04:00"
                        jcr:lastModifiedBy="admin"
                        jcr:primaryType="nt:unstructured"
                        sling:resourceType="asset-share-commons/components/details/metadata"
                        computedProperty="expired"
                        formatDate="dd MMM. y"
                        label="Category"
                        propertyName="./jcr:content/metadata/dam:youtube_category"
                        type="text">
                        <cq:responsive jcr:primaryType="nt:unstructured">
                            <default
                                jcr:primaryType="nt:unstructured"
                                width="6"/>
                            <tablet
                                jcr:primaryType="nt:unstructured"
                                width="12"/>
                        </cq:responsive>
                    </metadata_101020596>
                    <metadata_1100170134
                        jcr:created="{Date}2017-09-27T10:44:53.008-04:00"
                        jcr:createdBy="admin"
                        jcr:lastModified="{Date}2017-10-06T08:55:49.400-04:00"
                        jcr:lastModifiedBy="admin"
                        jcr:primaryType="nt:unstructured"
                        sling:resourceType="asset-share-commons/components/details/metadata"
                        emptyText="n/a"
                        label="USAGE"
                        propertyName="./jcr:content/metadata/xmpRights:UsageTerms"
                        type="text">
                        <cq:responsive jcr:primaryType="nt:unstructured">
                            <default
                                jcr:primaryType="nt:unstructured"
                                width="12"/>
                        </cq:responsive>
                    </metadata_1100170134>
                </responsivegrid>
            </rail>
            <main
                jcr:primaryType="nt:unstructured"
                sling:resourceType="wcm/foundation/components/responsivegrid">
                <cq:responsive jcr:primaryType="nt:unstructured"/>
                <responsivegrid
                    jcr:created="{Date}2017-09-18T15:15:30.671-04:00"
                    jcr:createdBy="admin"
                    jcr:lastModified="{Date}2017-09-18T15:15:47.153-04:00"
                    jcr:lastModifiedBy="admin"
                    jcr:primaryType="nt:unstructured"
                    sling:resourceType="wcm/foundation/components/responsivegrid">
                    <title
                        jcr:created="{Date}2017-10-05T22:10:47.961-04:00"
                        jcr:createdBy="admin"
                        jcr:lastModified="{Date}2017-10-06T09:30:40.243-04:00"
                        jcr:lastModifiedBy="admin"
                        jcr:primaryType="nt:unstructured"
                        sling:resourceType="asset-share-commons/components/details/title"
                        returnPath="/content/asset-share-commons/en"/>
                    <video
                        jcr:created="{Date}2018-03-18T17:21:27.695+05:30"
                        jcr:createdBy="admin"
                        jcr:lastModified="{Date}2018-04-02T01:31:00.603+05:30"
                        jcr:lastModifiedBy="admin"
                        jcr:primaryType="nt:unstructured"
                        sling:resourceType="asset-share-commons/components/details/video"
                        computedProperty="path"
                        height="500"/>
                    <renditions
                        jcr:created="{Date}2017-10-05T22:12:25.399-04:00"
                        jcr:createdBy="admin"
                        jcr:lastModified="{Date}2017-10-17T09:02:28.021-04:00"
                        jcr:lastModifiedBy="admin"
                        jcr:primaryType="nt:unstructured"
                        sling:resourceType="asset-share-commons/components/details/renditions"
                        allowLinks="true"
                        label="Renditions"
                        showMissingRenditions="true">
                        <cq:responsive jcr:primaryType="nt:unstructured">
                            <default
                                jcr:primaryType="nt:unstructured"
                                width="6"/>
                            <tablet
                                jcr:primaryType="nt:unstructured"
                                width="12"/>
                            <phone
                                jcr:primaryType="nt:unstructured"
                                width="12"/>
                        </cq:responsive>
                        <items jcr:primaryType="nt:unstructured">
                            <item0
                                jcr:primaryType="nt:unstructured"
                                text="Original File"
                                value="original"/>
                            <item1
                                jcr:primaryType="nt:unstructured"
                                text="FLV"
                                value="cq5dam.video.*.flv"/>
                            <item2
                                jcr:primaryType="nt:unstructured"
                                text="M4V"
                                value="cq5dam.video.*.m4v"/>
                            <item3
                                jcr:primaryType="nt:unstructured"
                                text="MP4"
                                value="cq5dam.video.*.mp4"/>
                        </items>
                    </renditions>
                    <action_buttons
                        jcr:created="{Date}2017-10-05T22:12:39.388-04:00"
                        jcr:createdBy="admin"
                        jcr:lastModified="{Date}2017-10-05T22:12:39.388-04:00"
                        jcr:lastModifiedBy="admin"
                        jcr:primaryType="nt:unstructured"
                        sling:resourceType="asset-share-commons/components/details/action-buttons"
                        addToCartLabel="Add to Cart"
                        removeFromCartLabel="Remove from Cart"
                        downloadLabel="Download"
                        label="Actions"
                        shareLabel="Share">
                        <cq:responsive jcr:primaryType="nt:unstructured">
                            <default
                                jcr:primaryType="nt:unstructured"
                                width="6"/>
                            <tablet
                                jcr:primaryType="nt:unstructured"
                                width="12"/>
                            <phone
                                jcr:primaryType="nt:unstructured"
                                width="12"/>
                        </cq:responsive>
                    </action_buttons>
                </responsivegrid>
            </main>
        </root>
        <config jcr:primaryType="nt:unstructured">
            <asset-details
                jcr:primaryType="nt:unstructured"
                placeholderPath="/content/dam/asset-share-commons/en/site/placeholder.mov"/>
        </config>
    </jcr:content>
</jcr:root>
