<?xml version="1.0" encoding="UTF-8"?>
<jcr:root xmlns:sling="http://sling.apache.org/jcr/sling/1.0" xmlns:cq="http://www.day.com/jcr/cq/1.0" xmlns:jcr="http://www.jcp.org/jcr/1.0" xmlns:mix="http://www.jcp.org/jcr/mix/1.0" xmlns:nt="http://www.jcp.org/jcr/nt/1.0"
    jcr:primaryType="cq:Page">
    <jcr:content
        cq:lastModified="{Date}2017-10-17T12:35:52.046-04:00"
        cq:lastModifiedBy="admin"
        cq:template="/conf/asset-share-commons/settings/wcm/templates/search-template-dark"
        jcr:primaryType="cq:PageContent"
        jcr:title="What's New?"
        sling:resourceType="asset-share-commons/components/structure/search-page">
        <root
            jcr:primaryType="nt:unstructured"
            sling:resourceType="asset-share-commons/components/structure/root">
            <rail
                jcr:primaryType="nt:unstructured"
                sling:resourceType="wcm/foundation/components/responsivegrid">
                <cq:responsive jcr:primaryType="nt:unstructured"/>
                <responsivegrid
                    jcr:created="{Date}2017-09-18T14:59:55.772-04:00"
                    jcr:createdBy="admin"
                    jcr:lastModified="{Date}2017-09-18T14:59:59.030-04:00"
                    jcr:lastModifiedBy="admin"
                    jcr:primaryType="nt:unstructured"
                    sling:resourceType="wcm/foundation/components/responsivegrid">
                    <hidden
                        jcr:created="{Date}2017-10-05T21:40:18.818-04:00"
                        jcr:createdBy="admin"
                        jcr:lastModified="{Date}2017-10-17T12:34:19.418-04:00"
                        jcr:lastModifiedBy="admin"
                        jcr:primaryType="nt:unstructured"
                        sling:resourceType="asset-share-commons/components/search/hidden">
                        <predicates jcr:primaryType="nt:unstructured">
                            <item0
                                jcr:primaryType="nt:unstructured"
                                predicate="relativedaterange.property"
                                value="jcr:content/jcr:lastModified"/>
                            <item1
                                jcr:primaryType="nt:unstructured"
                                predicate="relativedaterange.lowerBound"
                                value="-1M"/>
                        </predicates>
                    </hidden>
                    <hidden_110511178
                        jcr:created="{Date}2017-10-17T11:50:17.075-04:00"
                        jcr:createdBy="admin"
                        jcr:lastModified="{Date}2017-10-17T12:25:29.438-04:00"
                        jcr:lastModifiedBy="admin"
                        jcr:primaryType="nt:unstructured"
                        sling:resourceType="asset-share-commons/components/search/hidden">
                        <predicates jcr:primaryType="nt:unstructured">
                            <item0
                                jcr:primaryType="nt:unstructured"
                                predicate="property"
                                value="jcr:content/metadata/dc:format"/>
                            <item1
                                jcr:primaryType="nt:unstructured"
                                predicate="property.operation"
                                value="equals"/>
                            <item2
                                jcr:primaryType="nt:unstructured"
                                predicate="property.value"
                                value="image/jpeg"/>
                        </predicates>
                    </hidden_110511178>
                    <hidden_945294440
                        jcr:created="{Date}2017-10-20T15:59:23.274-04:00"
                        jcr:createdBy="admin"
                        jcr:lastModified="{Date}2017-10-20T15:59:32.436-04:00"
                        jcr:lastModifiedBy="admin"
                        jcr:primaryType="nt:unstructured"
                        sling:resourceType="asset-share-commons/components/search/hidden">
                        <predicates jcr:primaryType="nt:unstructured">
                            <item0
                                jcr:primaryType="nt:unstructured"
                                predicate="mainasset"
                                value="true"/>
                        </predicates>
                    </hidden_945294440>
                    <text
                        jcr:created="{Date}2017-10-06T09:47:49.939-04:00"
                        jcr:createdBy="admin"
                        jcr:lastModified="{Date}2017-10-06T09:48:57.758-04:00"
                        jcr:lastModifiedBy="admin"
                        jcr:primaryType="nt:unstructured"
                        sling:resourceType="asset-share-commons/components/content/text"
                        text="&lt;p>The assets are pre-filtered using the hidden querybuilder predicate above!&lt;/p>&#xa;"
                        textIsRich="true"/>
                </responsivegrid>
            </rail>
            <main
                jcr:primaryType="nt:unstructured"
                sling:resourceType="wcm/foundation/components/responsivegrid">
                <cq:responsive jcr:primaryType="nt:unstructured"/>
                <responsivegrid
                    jcr:created="{Date}2017-09-18T14:59:20.802-04:00"
                    jcr:createdBy="admin"
                    jcr:lastModified="{Date}2017-09-18T14:59:37.172-04:00"
                    jcr:lastModifiedBy="admin"
                    jcr:primaryType="nt:unstructured"
                    sling:resourceType="wcm/foundation/components/responsivegrid">
                    <title
                        jcr:created="{Date}2017-10-06T09:33:34.674-04:00"
                        jcr:createdBy="admin"
                        jcr:lastModified="{Date}2017-10-06T09:33:34.674-04:00"
                        jcr:lastModifiedBy="admin"
                        jcr:primaryType="nt:unstructured"
                        sling:resourceType="asset-share-commons/components/content/title">
                        <cq:responsive jcr:primaryType="nt:unstructured">
                            <default
                                jcr:primaryType="nt:unstructured"
                                width="8"/>
                        </cq:responsive>
                    </title>
                    <layout_toggle
                        jcr:created="{Date}2017-10-05T21:02:11.346-04:00"
                        jcr:createdBy="admin"
                        jcr:lastModified="{Date}2017-10-05T21:02:11.346-04:00"
                        jcr:lastModifiedBy="admin"
                        jcr:primaryType="nt:unstructured"
                        sling:resourceType="asset-share-commons/components/search/layout-toggle"
                        cardLabel="Card Toggle"
                        listLabel="List Toggle">
                        <cq:responsive jcr:primaryType="nt:unstructured">
                            <default
                                jcr:primaryType="nt:unstructured"
                                width="4"/>
                            <tablet
                                jcr:primaryType="nt:unstructured"
                                width="8"/>
                            <phone
                                jcr:primaryType="nt:unstructured"
                                width="5"/>
                        </cq:responsive>
                    </layout_toggle>
                    <text
                        jcr:created="{Date}2017-10-06T09:47:00.478-04:00"
                        jcr:createdBy="admin"
                        jcr:lastModified="{Date}2017-10-17T11:50:06.349-04:00"
                        jcr:lastModifiedBy="admin"
                        jcr:primaryType="nt:unstructured"
                        sling:resourceType="asset-share-commons/components/content/text"
                        text="&lt;p>Check out these new additions to our stock photos. All images were updated in the last month.&lt;/p>&#xa;"
                        textIsRich="true"/>
                    <results
                        jcr:created="{Date}2017-10-05T21:02:28.868-04:00"
                        jcr:createdBy="admin"
                        jcr:lastModified="{Date}2017-10-17T11:49:26.019-04:00"
                        jcr:lastModifiedBy="admin"
                        jcr:primaryType="nt:unstructured"
                        sling:resourceType="asset-share-commons/components/search/results"
                        cardResultResourceType="/apps/asset-share-commons/components/search/results/result/card"
                        guessTotal="{Long}100"
                        layout="card"
                        limit="{Long}24"
                        listResultResourceType="/apps/asset-share-commons/components/search/results/result/list"
                        loadMoreLabel="Load more"
                        noResultsText="Your search did not match any assets."
                        orderBy="@jcr:content/jcr:lastModified"
                        orderBySort="desc"
                        paths="/content/dam/asset-share-commons/en/public"/>
                </responsivegrid>
                <header
                    jcr:created="{Date}2017-09-18T14:59:16.766-04:00"
                    jcr:createdBy="admin"
                    jcr:lastModified="{Date}2017-10-02T18:05:17.756-04:00"
                    jcr:lastModifiedBy="admin"
                    jcr:primaryType="nt:unstructured"
                    sling:resourceType="asset-share-commons/components/structure/header"/>
            </main>
        </root>
    </jcr:content>
</jcr:root>
